number,actualNumRPs,actualSeed,autoShootingPositions,avgAgility,avgBallControl,avgDefense,avgDrivingAbility,avgGearControl,avgGearGroundIntakesTele,avgGearLoaderIntakesTele,avgGearsEjectedTele,avgGearsFumbledTele,avgGearsPlacedAuto,avgGearsPlacedByLiftAuto,avgGearsPlacedByLiftTele,avgGearsPlacedTele,avgHighShotsAuto,avgHighShotsTele,avgHopperShotTime,avgHoppersOpenedAuto,avgHoppersOpenedTele,avgKeyShotTime,avgLowShotsAuto,avgLowShotsTele,avgSpeed,baselineReachedPercentage,disabledPercentage,disfunctionalPercentage,firstPickAbility,firstPickRotorBonusChance,gearScoringPositionsAuto,incapacitatedPercentage,liftoffAbility,liftoffPercentage,overallSecondPickAbility,pitAllImageURLs,pitAvailableWeight,pitCheesecake,pitDidTankTread,pitNotes,pitOrganization,pitProgrammingLanguage,pitSelectedImageName,predictedNumRPs,predictedSeed,RScoreAgility,RScoreBallControl,RScoreDefense,RScoreDrivingAbility,RScoreGearControl,RScoreSpeed,sdBaselineReachedPercentage,sdGearsPlacedAuto,sdGearsPlacedTele,sdHighShotsAuto,sdHighShotsTele,sdLiftoffAbility,sdLowShotsAuto,sdLowShotsTele
1323,0.8888888888888888,23,"[None, 'Other  ', 'Hopper', 'Key']",2.7777777777777777,2.6666666666666665,,2.0444444444444447,2.3333333333333335,2.259259259259259,0.3888888888888889,0.0,0.2222222222222222,0.0,"{'lift1': 0.0, 'lift2': 0.0, 'lift3': 0.0}","{'lift1': 0.0, 'lift2': 1.3888888888888888, 'lift3': 1.2222222222222223}",2.611111111111111,12.635682684409586,5.6797244335437265,9.766666666666667,0.6666666666666666,0.3333333333333333,5.166666666666667,0.0,0.0,2.3333333333333335,0.7777777777777778,0.0,0.0,193.660190493001,0.0,,0.0,0.0,0.0,2.6418310372981764,{'-Keu9lvtRS-cgUwlBWnP': 'https://firebasestorage.googleapis.com/v0/b/scouting-2017-5f51c.appspot.com/o/1323_2017-03-10%2013:40:42.9370%20-0800.png?alt=media&token=fd22b9da-10a5-4571-9306-592aeeac8bbd'},2,,,,Great,Labview,1323_2017-03-10 13:40:42.9370 -0800,0.8888888888888888,27,1.564936342992741,1.4142705733278098,-0.9233649819401205,1.2005187365358556,0.7458791952339686,0.7030301698529199,0.41573970964154905,0.0,0.8748897637790901,9.679463712778713,7.133611366303616,0.0,0.0,0.0
980,1.0,47,,1.75,1.625,2.4,1.4500000000000002,2.0,0.0,0.5,0.0,0.5,0.0,"{'lift1': 0.0, 'lift2': 0.0, 'lift3': 0.0}","{'lift1': 0.0, 'lift2': 1.125, 'lift3': 0.0}",1.125,0.0,0.0,,0.0,0.125,,0.0,0.0,1.875,0.875,0.0,0.0,175.4185307464993,0.0,,0.0,0.0,0.0,0.14240483977795737,{'-Ket_Xyjtvs6YJFWfxVH': 'https://firebasestorage.googleapis.com/v0/b/scouting-2017-5f51c.appspot.com/o/980_2017-03-10%2010:53:19.5530%20-0800.png?alt=media&token=b8694d03-21b1-4a66-bbdf-aa7123d9b5ab'},11,,,,Good,Java,980_2017-03-10 10:53:19.5530 -0800,0.5000561260887685,39,-0.3655234317613287,-0.4408938214275274,0.9912594659063056,-0.283926573310778,0.0946205560832903,-0.1709277116728141,0.33071891388307384,0.0,0.9270248108869579,0.0,0.0,0.0,0.0,0.0
3495,0.5,46,,1.375,1.625,1.0,1.15,1.75,0.625,0.375,0.0,1.125,0.0,"{'lift1': 0.0, 'lift2': 0.0, 'lift3': 0.0}","{'lift1': 0.0, 'lift2': 0.375, 'lift3': 0.0}",0.375,0.0,0.0,,0.0,0.0,,0.0,0.0,1.5,0.625,0.125,0.125,180.4185307464993,0.0,,0.0,6.25,0.125,2.3749046722383813,{'-KeuMeVstcBEeJofzgD4': 'https://firebasestorage.googleapis.com/v0/b/scouting-2017-5f51c.appspot.com/o/3495_2017-03-10%2014:35:02.1250%20-0800.png?alt=media&token=acc06b03-1331-49a5-9afe-1b694ecbf7e9'},10,,,,Bad,Java,3495_2017-03-10 14:35:02.1250 -0800,0.43086283939547404,45,-1.06988037660403,-0.4408938214275274,-0.12560479533744295,-1.0330858885604814,-0.39382342327971825,-0.8859841601938689,0.4841229182759271,0.0,0.6959705453537527,0.0,0.0,16.535945694153693,0.0,0.0
2085,0.8888888888888888,28,,1.6666666666666667,2.7777777777777777,3.0,1.3333333333333335,1.3333333333333333,0.0,0.0,0.0,0.1111111111111111,0.0,"{'lift1': 0.0, 'lift2': 0.0, 'lift3': 0.0}","{'lift1': 0.0, 'lift2': 0.2222222222222222, 'lift3': 0.4444444444444444}",0.6666666666666666,0.0,11.49056603773585,19.624999999999996,0.0,1.6666666666666667,33.666666666666664,0.0,0.0,1.6666666666666667,0.7777777777777778,0.0,0.1111111111111111,202.18957055956506,0.0,,0.1111111111111111,22.22222222222222,0.4444444444444444,19.29070760649688,"{'-KeuAaQeWnkC2mOR9lbn': 'https://firebasestorage.googleapis.com/v0/b/scouting-2017-5f51c.appspot.com/o/2085_2017-03-10%2013:42:44.8000%20-0800.png?alt=media&token=df768eb9-1d15-4cfe-978e-607920b6944d', '-KetB2YQWBLS69Xu9HDO': 'https://firebasestorage.googleapis.com/v0/b/scouting-2017-5f51c.appspot.com/o/2085_2017-03-10%2009:05:55.8300%20-0800.png?alt=media&token=ce7f2f43-c8c4-4bb0-b2eb-d4c69c35ecc1'}",10,,,,Bad,Java,2085_2017-03-10 13:42:44.8000 -0800,0.8888888888888888,29,-0.5220471972819288,1.6121547754350458,1.4699155778679123,-0.5752663070189957,-1.2078967222180659,-0.568181294184511,0.41573970964154905,0.0,0.4714045207910317,0.0,11.081207733245536,24.84519974999766,0.0,0.0
5134,1.3333333333333333,9,,1.4444444444444444,1.8888888888888888,2.0,1.1111111111111112,1.2222222222222223,0.0,0.1111111111111111,0.0,1.1111111111111112,0.0,"{'lift1': 0.0, 'lift2': 0.0, 'lift3': 0.0}","{'lift1': 0.0, 'lift2': 0.0, 'lift3': 0.1111111111111111}",0.1111111111111111,0.0,1.9767441860465118,,0.0,0.6666666666666666,8.25,0.0,0.0,1.3333333333333333,0.4444444444444444,0.1111111111111111,0.1111111111111111,179.6889947419783,0.0,,0.0,5.555555555555555,0.1111111111111111,1.9655905755811645,{},20,,,,Bad,C++,5134_2017-03-10 10:56:06.0840 -0800,0.6666668737111818,36,-0.939443905336863,0.029081158577157946,0.6721553912652346,-1.1301991331298868,-1.4249829352682917,-1.2037870262032266,0.4969039949999533,0.0,0.31426968052735443,0.0,4.685916669676717,15.713484026367722,0.0,0.0
3045,1.1111111111111112,4,,1.4444444444444444,1.3333333333333333,,1.2000000000000002,1.3333333333333333,0.05555555555555555,0.2222222222222222,0.0,0.2592592592592593,0.0,"{'lift1': 0.0, 'lift2': 0.0, 'lift3': 0.0}","{'lift1': 0.0, 'lift2': 0.0, 'lift3': 0.1111111111111111}",0.1111111111111111,0.0,0.0,,0.0,0.2777777777777778,,0.0,0.0,1.5555555555555556,0.7777777777777778,0.1111111111111111,0.1111111111111111,191.59908630205484,0.0,,0.0,16.666666666666668,0.3333333333333333,11.327866050368456,{'-KeuLp3wpPjWkCGoa4Vi': 'https://firebasestorage.googleapis.com/v0/b/scouting-2017-5f51c.appspot.com/o/3045_2017-03-10%2014:28:46.7770%20-0800.png?alt=media&token=439563d7-f8e1-4196-8870-ffaa8b607498'},20,,,,Okay,C++,3045_2017-03-10 14:28:46.7770 -0800,1.1111111111111112,21,-0.939443905336863,-0.960339851959022,-0.9233649819401205,-0.9082260026855302,-1.2078967222180659,-0.7800498715240829,0.41573970964154905,0.0,0.31426968052735443,0.0,0.0,23.570226039551585,0.0,0.0
3303,1.1111111111111112,18,,2.111111111111111,1.7777777777777777,2.3333333333333335,1.6444444444444446,1.8888888888888888,0.0,0.4444444444444444,0.0,0.7037037037037037,0.0,"{'lift1': 0.0, 'lift2': 0.0, 'lift3': 0.0}","{'lift1': 0.05555555555555555, 'lift2': 0.3333333333333333, 'lift3': 0.2777777777777778}",0.6666666666666666,0.0,0.0,,0.0,0.1111111111111111,,0.0,0.0,2.0,1.0,0.0,0.0,203.82130852427707,0.0,,0.0,27.77777777777778,0.5555555555555556,29.252967344639522,{'-Ketu9lYWa97wOLdpprA': 'https://firebasestorage.googleapis.com/v0/b/scouting-2017-5f51c.appspot.com/o/3303_2017-03-10%2012:26:39.0010%20-0800.png?alt=media&token=b10b5aae-f4a0-4db2-a9df-d7db5d53fd62'},30,,,,Good,C++,3303_2017-03-10 12:26:39.0010 -0800,1.5554467208417544,5,0.31274621882793924,-0.16880304353007813,0.9380754534661273,0.20163964953625155,-0.12246565696693582,0.06742443783420418,0.0,0.0,0.6666666666666666,0.0,0.0,24.84519974999766,0.0,0.0
1422,0.8888888888888888,42,,1.6666666666666667,1.4444444444444444,3.0,1.3777777777777778,1.6666666666666667,0.0,0.1111111111111111,0.0,0.6666666666666666,0.0,"{'lift1': 0.0, 'lift2': 0.0, 'lift3': 0.0}","{'lift1': 0.1111111111111111, 'lift2': 0.0, 'lift3': 0.2222222222222222}",0.3333333333333333,0.0,0.0,,0.0,0.1111111111111111,,0.0,0.0,1.7777777777777777,0.4444444444444444,0.1111111111111111,0.1111111111111111,189.93241963538816,0.0,,0.0,16.666666666666668,0.3333333333333333,14.80442229988303,{'-KetIIOf7StcJoIClefz': 'https://firebasestorage.googleapis.com/v0/b/scouting-2017-5f51c.appspot.com/o/1422_2017-03-10%2009:36:12.9620%20-0800.png?alt=media&token=ebb6ddfe-608d-4196-800d-5c0fe73c50ab'},38,,,,Bad,Java,1422_2017-03-10 09:36:12.9620 -0800,0.8554827984825837,30,-0.5220471972819288,-0.7624556498517859,1.4699155778679123,-0.46427974179681797,-0.5566380830673876,-0.3563127168449396,0.4969039949999533,0.0,0.4714045207910317,0.0,0.0,23.570226039551585,0.0,0.0
973,1.5,10,"[None, 'Other  ', 'Hopper', 'Key']",2.75,2.75,,2.1500000000000004,2.5,2.3125,0.3125,0.0,0.375,0.125,"{'lift1': 0.0, 'lift2': 0.0, 'lift3': 0.125}","{'lift1': 0.875, 'lift2': 0.75, 'lift3': 1.3125}",2.9375,8.050727301790282,14.613994565217393,9.694444444444445,0.125,0.75,10.466666666666665,0.0,0.0,2.625,0.75,0.0,0.0,235.22760010341187,0.0,['lift3'],0.0,43.75,0.875,47.681493568329245,"{'-KeuMbfHvnuH6d6YNUfr': 'https://firebasestorage.googleapis.com/v0/b/scouting-2017-5f51c.appspot.com/o/973_2017-03-10%2014:26:46.0340%20-0800.png?alt=media&token=6c53f1bc-6195-49e1-b95d-c5f86b337bff', '-KeuLXXkoNaQmK8wTdpB': 'https://firebasestorage.googleapis.com/v0/b/scouting-2017-5f51c.appspot.com/o/973_2017-03-10%2014:26:46.0340%20-0800.png?alt=media&token=5406ea89-9348-460d-a841-9668596280fb', '-KeuMXavntgXMcc3E-Zm': 'https://firebasestorage.googleapis.com/v0/b/scouting-2017-5f51c.appspot.com/o/973_2017-03-10%2014:27:03.4000%20-0800.png?alt=media&token=89df03da-82c0-4170-969d-560fca30fc2d'}",10,,,,Great,C++,973_2017-03-10 14:27:03.4000 -0800,0.7519368636385788,31,1.5127617544858745,1.562683724908237,-0.9233649819401205,1.4641118289385289,1.0715085148093073,1.2591851853692955,0.4330127018922193,0.33071891388307384,1.3792547806696194,7.8855046870525145,18.929316785834285,16.535945694153693,0.0,0.0
972,0.5,39,,1.875,1.75,,1.6500000000000001,1.875,0.25,0.625,0.0,1.0,0.0,"{'lift1': 0.0, 'lift2': 0.0, 'lift3': 0.0}","{'lift1': 0.75, 'lift2': 0.25, 'lift3': 0.5}",1.5,0.0,0.0,,0.0,0.0,,0.0,0.0,2.25,1.0,0.0,0.125,182.2935307464993,0.0,,0.125,6.25,0.125,5.66620131552925,{'-Ketv9LJI_EFUjnsR5hL': 'https://firebasestorage.googleapis.com/v0/b/scouting-2017-5f51c.appspot.com/o/972_2017-03-10%2012:30:53.3370%20-0800.png?alt=media&token=9c6664aa-3ac6-4909-8999-8eaca9114031'},2,,,,Terrible,Java,972_2017-03-10 12:30:53.3370 -0800,1.1705475970965,18,-0.13073778348042828,-0.21827409405688694,-0.9233649819401205,0.21551297018902377,-0.14960143359821398,0.5441287368482407,0.0,0.0,0.8660254037844386,0.0,0.0,16.535945694153693,0.0,0.0
852,1.1111111111111112,16,,1.8888888888888888,1.3333333333333333,,1.2444444444444445,2.0,0.0,1.7777777777777777,0.0,0.2222222222222222,0.0,"{'lift1': 0.0, 'lift2': 0.0, 'lift3': 0.0}","{'lift1': 0.7777777777777778, 'lift2': 0.5555555555555556, 'lift3': 0.8888888888888888}",2.2222222222222223,0.0,0.0,,0.0,0.0,,0.0,0.0,1.2222222222222223,0.7777777777777778,0.0,0.0,208.26575296872153,0.0,,0.0,33.333333333333336,0.6666666666666666,28.88681431581811,{'-KetUs9srwfs93yUarZ8': 'https://firebasestorage.googleapis.com/v0/b/scouting-2017-5f51c.appspot.com/o/852_2017-03-10%2010:30:32.0810%20-0800.png?alt=media&token=8cedd617-ca4b-4aa2-9ea8-655860a03616'},30,,,,Okay,Java,852_2017-03-10 10:30:32.0810 -0800,1.368546775122623,10,-0.10465048922699499,-0.960339851959022,-0.9233649819401205,-0.7972394374633525,0.0946205560832903,-1.415655603542798,0.41573970964154905,0.0,0.6285393610547089,0.0,0.0,23.570226039551585,0.0,0.0
4415,0.7142857142857143,35,"[None, 'Other  ']",2.857142857142857,2.4285714285714284,3.0,2.1714285714285717,2.7142857142857144,2.7857142857142856,0.21428571428571427,0.14285714285714285,0.9047619047619049,0.2857142857142857,"{'lift1': 0.2857142857142857, 'lift2': 0.0, 'lift3': 0.0}","{'lift1': 1.2857142857142858, 'lift2': 1.0714285714285714, 'lift3': 0.35714285714285715}",2.7142857142857144,0.0,0.0,,0.0,0.0,,0.0,0.0,2.5714285714285716,0.8571428571428571,0.0,0.14285714285714285,203.90067360364213,0.0,['lift1'],0.14285714285714285,28.571428571428573,0.5714285714285714,29.892886541404028,{'-KetDtF_3_7XTfKx_PRE': 'https://firebasestorage.googleapis.com/v0/b/scouting-2017-5f51c.appspot.com/o/4415_2017-03-10%2009:17:20.0830%20-0800.png?alt=media&token=63f337c9-c89b-44a6-984e-35a2cb136f8f'},5,,,,Good,Java,4415_2017-03-10 09:17:20.0830 -0800,0.9780153501118252,25,1.7140065958695034,0.9902329973837325,1.4699155778679123,1.5176232085992218,1.4901747828347436,1.1570342641520024,0.3499271061118826,0.45175395145262565,1.1293848786315641,0.0,0.0,24.743582965269674,0.0,0.0
1072,1.3333333333333333,8,,2.111111111111111,1.8888888888888888,3.0,1.9555555555555557,2.4444444444444446,0.0,2.5,0.1111111111111111,1.2962962962962965,0.6666666666666666,"{'lift1': 0.6666666666666666, 'lift2': 0.0, 'lift3': 0.0}","{'lift1': 1.0555555555555556, 'lift2': 0.6666666666666666, 'lift3': 0.4259259259259259}",2.148148148148148,0.0,0.0,,0.0,0.1111111111111111,,0.0,0.0,2.7777777777777777,0.8888888888888888,0.0,0.0,219.93241963538816,0.0,['lift1'],0.0,44.44444444444444,0.8888888888888888,50.010866235012784,{'-KetZhU5cYLkfD8ywF6T': 'https://firebasestorage.googleapis.com/v0/b/scouting-2017-5f51c.appspot.com/o/1072_2017-03-10%2010:50:47.4320%20-0800.png?alt=media&token=7fdd8da6-7244-4186-91ef-2941da134dbc'},30,,,,Okay,Java,1072_2017-03-10 10:50:47.4320 -0800,1.3333333333333333,11,0.31274621882793924,0.029081158577157946,1.4699155778679123,0.9785456060914989,0.9629654082841947,1.5505044792112066,0.3142696805273545,0.4714045207910317,1.4042361933428797,0.0,0.0,15.713484026367722,0.0,0.0
3256,1.3333333333333333,10,,2.6666666666666665,1.7777777777777777,,2.2666666666666666,2.4444444444444446,0.0,2.3333333333333335,0.05555555555555555,1.5555555555555556,0.8333333333333334,"{'lift1': 0.8333333333333334, 'lift2': 0.0, 'lift3': 0.0}","{'lift1': 0.6481481481481483, 'lift2': 0.5555555555555556, 'lift3': 0.3333333333333333}",1.5370370370370372,0.0,0.0,,0.0,0.2222222222222222,17.666666666666668,0.0,0.0,3.0,0.8888888888888888,0.0,0.0,208.82130852427707,0.0,['lift1'],0.0,33.333333333333336,0.6666666666666666,38.77563385948838,{'-KettQ8ffQWdpe3Flli0': 'https://firebasestorage.googleapis.com/v0/b/scouting-2017-5f51c.appspot.com/o/3256_2017-03-10%2012:23:59.7920%20-0800.png?alt=media&token=e7f8895c-369a-4c0b-9c79-d2491482e98d'},0,,,,Good,Java,3256_2017-03-10 12:23:59.7920 -0800,1.3333333333333333,12,1.356237988965274,-0.16880304353007813,-0.9233649819401205,1.7554515626467455,0.9629654082841947,1.9742416338903503,0.3142696805273545,0.3333333333333333,0.7017516785739414,0.0,0.0,23.570226039551585,0.0,0.0
3970,0.2857142857142857,45,,2.2857142857142856,2.857142857142857,,1.6571428571428573,2.4285714285714284,1.4761904761904763,0.0,0.0,0.14285714285714285,0.2857142857142857,"{'lift1': 0.2857142857142857, 'lift2': 0.0, 'lift3': 0.0}","{'lift1': 0.8571428571428571, 'lift2': 0.2857142857142857, 'lift3': 0.2857142857142857}",1.4285714285714286,0.0,0.0,,0.0,0.42857142857142855,9.0,0.0,0.0,1.8571428571428572,0.7142857142857143,0.0,0.0,196.0435307464993,0.0,['lift1'],0.0,21.428571428571427,0.42857142857142855,20.782100131830898,"{'-KeuKfxvp4LrTllZqIIC': 'https://firebasestorage.googleapis.com/v0/b/scouting-2017-5f51c.appspot.com/o/3970_2017-03-10%2014:22:18.9030%20-0800.png?alt=media&token=9edd5c7a-0bbb-4360-bd70-1266956f5f14', '-KeuJzEUgqcEyMbB_Yfw': 'https://firebasestorage.googleapis.com/v0/b/scouting-2017-5f51c.appspot.com/o/3970_2017-03-10%2014:22:18.9030%20-0800.png?alt=media&token=0f50c449-5fe5-4ae9-bea4-f8adb79bbe63'}",,,,,Okay,Java,3970_2017-03-10 14:22:18.9030 -0800,0.3757508311867873,46,0.6407007751568157,1.7535006340830719,-0.9233649819401205,0.23335009674258805,0.9319530921341617,-0.20497801874524516,0.45175395145262565,0.45175395145262565,0.9035079029052513,0.0,0.0,24.743582965269674,0.0,0.0
1678,1.6666666666666667,2,"[None, 'Hopper']",2.6666666666666665,3.111111111111111,,2.1333333333333337,2.5555555555555554,1.3888888888888888,0.4444444444444444,0.0,0.6666666666666666,0.0,"{'lift1': 0.0, 'lift2': 0.0, 'lift3': 0.0}","{'lift1': 0.5, 'lift2': 0.5555555555555556, 'lift3': 0.8333333333333334}",1.8888888888888888,24.203954030566607,40.901365421527686,13.073456790123457,0.4444444444444444,0.8888888888888888,12.0,0.0,0.0,2.6666666666666665,1.0,0.0,0.0,260.2804217682223,0.0,,0.0,38.888888888888886,0.7777777777777778,42.80573565819902,{'-Ket6-Dev36KZ5HsSzjE': 'https://firebasestorage.googleapis.com/v0/b/scouting-2017-5f51c.appspot.com/o/1678_2017-03-10%2008:44:03.6290%20-0800.png?alt=media&token=fbbfd01e-c0f1-4d67-824d-f97bf9ad22cc'},0,,,,Good,C++,1678_2017-03-10 08:44:03.6290 -0800,1.6666666666666667,3,1.356237988965274,2.205807381756754,-0.9233649819401205,1.4224918669802122,1.18005162133442,1.3386359018716347,0.0,0.0,0.8748897637790901,19.96411816093071,46.25593938523155,20.78698548207745,0.0,0.0
2367,0.4444444444444444,43,,0.7777777777777778,0.7777777777777778,,0.5777777777777778,0.8888888888888888,0.0,0.3333333333333333,0.0,0.6666666666666666,0.0,"{'lift1': 0.0, 'lift2': 0.0, 'lift3': 0.0}","{'lift1': 0.1111111111111111, 'lift2': 0.3333333333333333, 'lift3': 0.0}",0.4444444444444444,0.0,0.0,,0.0,0.0,,0.0,0.0,0.6666666666666666,0.1111111111111111,0.3333333333333333,0.6666666666666666,177.1546418576104,0.0,,0.4444444444444444,5.555555555555555,0.1111111111111111,-1.3125888794547134,{'-KeuJG-9p9FdiXfcQo4W': 'https://firebasestorage.googleapis.com/v0/b/scouting-2017-5f51c.appspot.com/o/2367_2017-03-10%2014:20:58.3980%20-0800.png?alt=media&token=d6e2d1c5-5a5e-4a59-8ed8-8f1064448df2'},43,,,,Okay,C++,2367_2017-03-10 14:20:58.3980 -0800,0.4444444444444444,44,-2.1916340295016647,-1.949760862495202,-0.9233649819401205,-2.4620379157960253,-2.07624157441897,-2.474998490240657,0.31426968052735443,0.0,0.6849348892187752,0.0,0.0,15.713484026367722,0.0,0.0
1388,0.8888888888888888,25,,2.2222222222222223,2.2222222222222223,2.6666666666666665,1.822222222222222,1.7777777777777777,0.0,0.0,0.0,0.2222222222222222,0.0,"{'lift1': 0.0, 'lift2': 0.0, 'lift3': 0.0}","{'lift1': 0.1111111111111111, 'lift2': 0.3333333333333333, 'lift3': 0.3333333333333333}",0.7777777777777778,0.0,16.666666666666668,,0.0,0.3333333333333333,,0.0,0.0,2.3333333333333335,0.2222222222222222,0.0,0.0,195.96901144953114,0.0,,0.0,16.666666666666668,0.3333333333333333,20.183668077407184,{'-KetdGwUA8AfNDtmW_iZ': 'https://firebasestorage.googleapis.com/v0/b/scouting-2017-5f51c.appspot.com/o/1388_2017-03-10%2011:11:29.7070%20-0800.png?alt=media&token=13d93d79-6990-4564-8813-235e615f5cc8'},3,,,,Good,C++,1388_2017-03-10 11:11:29.7070 -0800,1.217143733591849,15,0.5214445728554064,0.6227337648988662,1.2039955156670197,0.6455859104249633,-0.3395518700171619,0.7030301698529199,0.41573970964154905,0.0,0.41573970964154905,0.0,47.14045207910317,23.570226039551585,0.0,0.0
3189,0.8888888888888888,24,,1.6666666666666667,1.5555555555555556,2.0,1.4666666666666666,2.2222222222222223,0.1111111111111111,2.0555555555555554,0.2222222222222222,1.6851851851851851,0.3888888888888889,"{'lift1': 0.3888888888888889, 'lift2': 0.0, 'lift3': 0.0}","{'lift1': 0.3333333333333333, 'lift2': 0.3888888888888889, 'lift3': 0.4444444444444444}",1.1666666666666667,0.0,0.0,,0.0,0.2222222222222222,,0.0,0.0,2.0,0.7777777777777778,0.0,0.0,191.59908630205484,0.0,['lift1'],0.0,16.666666666666668,0.3333333333333333,16.87418407199568,{'-KeuM83EKA3XVHf16gR1': 'https://firebasestorage.googleapis.com/v0/b/scouting-2017-5f51c.appspot.com/o/3189_2017-03-10%2014:30:09.3380%20-0800.png?alt=media&token=ca033ae9-30f3-496c-a8d9-2bb27c422ae2'},20,,,,Okay,Java,3189_2017-03-10 14:30:09.3380 -0800,0.8888888888888888,28,-0.5220471972819288,-0.5645714477445499,0.6721553912652346,-0.24230661135246184,0.5287929821837425,0.06742443783420418,0.41573970964154905,0.45812284729085123,0.74535599249993,0.0,0.0,23.570226039551585,0.0,0.0
751,1.6666666666666667,3,,2.6666666666666665,1.4444444444444444,,1.9555555555555557,3.0,0.0,2.888888888888889,0.0,0.7222222222222222,0.2222222222222222,"{'lift1': 0.2222222222222222, 'lift2': 0.0, 'lift3': 0.0}","{'lift1': 0.5, 'lift2': 1.7222222222222223, 'lift3': 0.6666666666666666}",2.888888888888889,0.0,0.0,,0.0,0.1111111111111111,,0.0,0.0,2.2222222222222223,1.0,0.0,0.0,214.93241963538816,0.0,['lift1'],0.0,38.888888888888886,0.7777777777777778,40.77179731573913,{'-KetFuchRAWzvR9PStnY': 'https://firebasestorage.googleapis.com/v0/b/scouting-2017-5f51c.appspot.com/o/751_2017-03-10%2009:27:02.6470%20-0800.png?alt=media&token=6b885da1-bdb6-4c32-8fa4-19afe84823c3'},5,,,,Bad,Java,751_2017-03-10 09:27:02.6470 -0800,1.8438781094014614,1,1.356237988965274,-0.7624556498517859,-0.9233649819401205,0.9785456060914989,2.0483964735353246,0.49116159251334796,0.0,0.41573970964154905,0.9938079899999066,0.0,0.0,20.78698548207745,0.0,0.0
4276,1.0,22,,2.375,2.125,,1.8500000000000003,2.625,2.458333333333333,0.0,0.0,0.25,0.125,"{'lift1': 0.125, 'lift2': 0.0, 'lift3': 0.0}","{'lift1': 1.75, 'lift2': 0.625, 'lift3': 0.625}",3.0,0.0,5.470922794071967,,0.0,0.375,14.916666666666666,0.0,0.0,2.25,0.625,0.0,0.0,189.06847109308603,0.0,['lift1'],0.0,12.5,0.25,13.852629758067467,{'-KetsawEV6Me7JPCmBzm': 'https://firebasestorage.googleapis.com/v0/b/scouting-2017-5f51c.appspot.com/o/4276_2017-03-10%2012:16:02.2280%20-0800.png?alt=media&token=3183d2bd-ee06-49d5-bef7-ebf2d07d94d6'},10,,,,Okay,Java,4276_2017-03-10 12:16:02.2280 -0800,1.495507313803503,7,0.8084048096431733,0.4495850880550345,-0.9233649819401205,0.7149525136888261,1.3157305044908116,0.5441287368482407,0.4841229182759271,0.33071891388307384,1.4142135623730951,0.0,5.698495048271272,21.650635094610966,0.0,0.0
2813,0.75,33,"[None, 'Other  ']",1.625,2.25,,1.2000000000000002,1.75,0.0,0.25,0.0,0.33333333333333337,0.0,"{'lift1': 0.0, 'lift2': 0.0, 'lift3': 0.0}","{'lift1': 0.0625, 'lift2': 0.0, 'lift3': 0.0}",0.0625,0.0,0.0,,0.0,0.25,9.291666666666666,0.0,4.407786885245901,1.375,0.5,0.125,0.125,140.4379515662674,0.0,,0.0,6.25,0.125,1.6693748563861912,{'-KetHfmifGPqDgKmS9z6': 'https://firebasestorage.googleapis.com/v0/b/scouting-2017-5f51c.appspot.com/o/2813_2017-03-10%2009:33:35.9660%20-0800.png?alt=media&token=ce4112c5-e1ef-474d-bc06-f9b35faa85c4'},5,,,,Good,Java,2813_2017-03-10 09:33:35.9660 -0800,0.5767129075585551,38,-0.600309080042229,0.672204815425675,-0.9233649819401205,-0.9082260026855302,-0.39382342327971825,-1.1243363097008872,0.5,0.0,0.16535945694153692,0.0,0.0,16.535945694153693,0.0,6.303142452534425
670,1.1111111111111112,19,,1.6666666666666667,2.111111111111111,2.0,1.288888888888889,1.1111111111111112,0.0,0.0,0.1111111111111111,0.2222222222222222,0.0,"{'lift1': 0.0, 'lift2': 0.0, 'lift3': 0.0}","{'lift1': 0.1111111111111111, 'lift2': 0.0, 'lift3': 0.1111111111111111}",0.2222222222222222,0.0,0.0,,0.0,0.8888888888888888,12.055555555555557,0.0,19.0,1.5555555555555556,1.0,0.0,0.0,201.04387765962127,0.0,,0.0,22.22222222222222,0.4444444444444444,20.395801285091345,{'-KeuA2VT-bWlwkEtijzX': 'https://firebasestorage.googleapis.com/v0/b/scouting-2017-5f51c.appspot.com/o/670_2017-03-10%2013:39:33.4140%20-0800.png?alt=media&token=1ae91ad2-e305-4478-aad2-5f51af6a0eac'},10,,,,Bad,Java,670_2017-03-10 13:39:33.4140 -0800,1.1111111111111112,22,-0.5220471972819288,0.4248495627916301,0.6721553912652346,-0.6862528722411741,-1.6420691483185177,-0.7800498715240829,0.0,0.0,0.41573970964154905,0.0,0.0,24.845199749997665,0.0,24.16609194718914
2761,2.0,1,,2.0,2.142857142857143,,1.6,2.2857142857142856,0.0,1.5714285714285714,0.0,0.7142857142857143,0.0,"{'lift1': 0.0, 'lift2': 0.0, 'lift3': 0.0}","{'lift1': 0.5714285714285714, 'lift2': 1.1428571428571428, 'lift3': 0.14285714285714285}",1.8571428571428572,0.0,0.0,,0.0,0.0,,0.0,0.0,2.0,0.7142857142857143,0.0,0.14285714285714285,181.75781646078502,0.0,,0.14285714285714285,7.142857142857143,0.14285714285714285,5.576715642411154,{'-KeuMS3c3hWyQwnFgqes': 'https://firebasestorage.googleapis.com/v0/b/scouting-2017-5f51c.appspot.com/o/2761_2017-03-10%2014:23:47.7000%20-0800.png?alt=media&token=98e5e9a0-c5d1-445e-a478-7a4fa22bd874'},21,,,,Bad,Java,2761_2017-03-10 14:23:47.7000 -0800,1.1857992472073247,17,0.10404786480047212,0.4813879062508402,-0.9233649819401205,0.09065308431407319,0.6528422467838713,0.06742443783420418,0.45175395145262565,0.0,1.5518257844571735,0.0,0.0,17.49635530559413,0.0,0.0
2643,0.8888888888888888,27,,2.111111111111111,2.4444444444444446,1.0,1.6444444444444446,2.0,0.0,1.6111111111111112,0.0,1.4444444444444444,0.0,"{'lift1': 0.0, 'lift2': 0.0, 'lift3': 0.0}","{'lift1': 0.1111111111111111, 'lift2': 0.3333333333333333, 'lift3': 0.5555555555555556}",1.0,0.0,0.0,8.5,0.0,0.6666666666666666,10.722222222222221,0.0,29.695652173913043,2.0,0.7777777777777778,0.0,0.0,179.26118501045048,0.0,,0.0,0.0,0.0,0.41150931805817414,{'-KetVPFtjXecenyiGvlk': 'https://firebasestorage.googleapis.com/v0/b/scouting-2017-5f51c.appspot.com/o/2643_2017-03-10%2010:33:32.2860%20-0800.png?alt=media&token=50df6efc-319c-4c4a-a1cd-fe64ef7a9dd8'},5,,,,Okay,Java,2643_2017-03-10 10:33:32.2860 -0800,0.44444465148895956,42,0.31274621882793924,1.0185021691133382,-0.12560479533744295,0.20163964953625155,0.0946205560832903,0.06742443783420418,0.41573970964154905,0.0,0.4714045207910317,0.0,0.0,0.0,0.0,63.9296636183796
4255,0.75,34,,2.0,1.5,,1.65,2.125,0.0,2.0625,0.0,1.125,0.25,"{'lift1': 0.125, 'lift2': 0.0, 'lift3': 0.125}","{'lift1': 0.25, 'lift2': 0.5, 'lift3': 0.75}",1.5,0.0,0.0,,0.0,0.0,,0.0,0.0,2.125,0.875,0.0,0.125,200.4185307464993,0.0,"['lift1', 'lift3']",0.125,25.0,0.5,21.83374923225946,{'-KetAVs4EskznZYoUvaS': 'https://firebasestorage.googleapis.com/v0/b/scouting-2017-5f51c.appspot.com/o/4255_2017-03-10%2009:01:17.3560%20-0800.png?alt=media&token=2825e625-2dc3-4223-9549-fa3a4e226fbb'},19,,,,Okay,Java,4255_2017-03-10 09:01:17.3560 -0800,0.9550063412483613,26,0.10404786480047212,-0.6635135487981679,-0.9233649819401205,0.2155129701890232,0.33884254576479456,0.30577658734122243,0.33071891388307384,0.4330127018922193,1.0,0.0,0.0,25.0,0.0,0.0
6305,1.3333333333333333,11,,1.5555555555555556,2.6666666666666665,,1.2000000000000002,1.0,0.0,0.0,0.0,0.0,0.0,"{'lift1': 0.0, 'lift2': 0.0, 'lift3': 0.0}","{'lift1': 0.0, 'lift2': 0.0, 'lift3': 0.0}",0.0,0.0,13.333333333333334,14.395833333333334,0.0,1.4444444444444444,14.129629629629632,0.0,0.0,1.4444444444444444,0.3333333333333333,0.1111111111111111,0.1111111111111111,171.88307835514507,0.0,,0.0,33.333333333333336,0.6666666666666666,25.913306144488153,{'-KetFNYVZGNRnslPb14J': 'https://firebasestorage.googleapis.com/v0/b/scouting-2017-5f51c.appspot.com/o/6305_2017-03-10%2009:23:03.9720%20-0800.png?alt=media&token=30278f8a-1d6c-483b-bf47-7e382ebf5e60'},30,,,,Bad,Java,6305_2017-03-10 09:23:03.9720 -0800,1.0530707285972696,23,-0.7307455513093959,1.4142705733278098,-0.9233649819401205,-0.9082260026855302,-1.859155361368744,-0.9919184488636549,0.4714045207910317,0.0,0.0,0.0,12.00925568976788,23.570226039551585,0.0,0.0
2135,0.8888888888888888,26,,2.4444444444444446,2.0,2.0,1.822222222222222,2.0,0.0,0.8888888888888888,0.0,0.3333333333333333,0.0,"{'lift1': 0.0, 'lift2': 0.0, 'lift3': 0.0}","{'lift1': 0.6666666666666666, 'lift2': 0.4444444444444444, 'lift3': 0.4722222222222222}",1.5833333333333333,0.0,0.0,,0.0,0.1111111111111111,,0.0,0.0,2.111111111111111,0.7777777777777778,0.0,0.0,202.71019741316593,0.0,,0.0,27.77777777777778,0.5555555555555556,30.246845942552486,{'-KetBMe9gCQ6uW1MRJob': 'https://firebasestorage.googleapis.com/v0/b/scouting-2017-5f51c.appspot.com/o/2135_2017-03-10%2009:08:05.9520%20-0800.png?alt=media&token=b9e19c01-a8a0-45d4-b2f5-ffcdccd1ffc4'},30,,,,Okay,C++,2135_2017-03-10 09:08:05.9520 -0800,1.2999200999200458,13,0.9388412809103406,0.22696536068439402,0.6721553912652346,0.6455859104249633,0.0946205560832903,0.2792930151737761,0.41573970964154905,0.0,0.4714045207910317,0.0,0.0,24.845199749997665,0.0,0.0
6650,1.1428571428571428,15,,0.7142857142857143,1.0,,0.742857142857143,1.0,0.0,0.0,0.0,0.0,0.0,"{'lift1': 0.0, 'lift2': 0.0, 'lift3': 0.0}","{'lift1': 0.0, 'lift2': 0.0, 'lift3': 0.0}",0.0,0.0,0.0,,0.0,0.2857142857142857,,0.0,0.0,1.1428571428571428,0.5714285714285714,0.2857142857142857,0.42857142857142855,141.0435307464993,0.0,,0.14285714285714285,7.142857142857143,0.14285714285714285,-0.17963019496494273,{'-KetqNM8qGFIXwwBjvIV': 'https://firebasestorage.googleapis.com/v0/b/scouting-2017-5f51c.appspot.com/o/6650_2017-03-10%2012:10:48.8090%20-0800.png?alt=media&token=a26b1e1b-60a0-4046-8aea-5c2db558e8a0'},40,,,,Okay,Java,6650_2017-03-10 12:10:48.8090 -0800,0.7074591646597588,35,-2.310890231803075,-1.5539924582807298,-0.9233649819401205,-2.0498021021136488,-1.859155361368744,-1.5669903016424926,0.4948716593053935,0.0,0.0,0.0,0.0,17.49635530559413,0.0,0.0
5677,1.2222222222222223,13,,2.3333333333333335,1.7777777777777777,3.0,1.8222222222222224,1.7777777777777777,0.0,1.5,0.0,0.8888888888888888,0.0,"{'lift1': 0.0, 'lift2': 0.0, 'lift3': 0.0}","{'lift1': 0.2222222222222222, 'lift2': 0.5555555555555556, 'lift3': 0.6666666666666666}",1.4444444444444444,0.0,0.0,,0.0,0.05555555555555555,,0.0,0.0,2.2222222222222223,0.3333333333333333,0.0,0.1111111111111111,206.0435307464993,0.0,,0.1111111111111111,33.333333333333336,0.6666666666666666,32.76285177377132,{'-KetspYdW5fMdSvMESvv': 'https://firebasestorage.googleapis.com/v0/b/scouting-2017-5f51c.appspot.com/o/5677_2017-03-10%2012:18:00.2120%20-0800.png?alt=media&token=039c97d4-0269-4625-b63c-27b5e78c313a'},15,,,,Terrible,Java,5677_2017-03-10 12:18:00.2120 -0800,0.7173795756095748,34,0.7301429268828734,-0.16880304353007813,1.4699155778679123,0.6455859104249644,-0.3395518700171619,0.49116159251334796,0.4714045207910317,0.0,1.2570787221094177,0.0,0.0,23.570226039551585,0.0,0.0
1868,0.5,41,"[None, 'Hopper', 'Key']",1.625,2.0,3.0,1.65,2.375,0.0,2.0,0.0,0.625,0.0,"{'lift1': 0.0, 'lift2': 0.0, 'lift3': 0.0}","{'lift1': 1.3125, 'lift2': 0.75, 'lift3': 0.375}",2.4375,0.0,0.0,3.0,0.0,0.375,3.0,0.0,0.0,2.5,0.875,0.0,0.0,200.4185307464993,0.0,,0.0,25.0,0.5,28.199543967886704,{'-KetAhWW3soj8-CmYkEU': 'https://firebasestorage.googleapis.com/v0/b/scouting-2017-5f51c.appspot.com/o/1868_2017-03-10%2009:04:31.4770%20-0800.png?alt=media&token=03af01a8-24a7-4fdd-915d-51649ef43d2c'},10,,,,Okay,C++,1868_2017-03-10 09:04:31.4770 -0800,1.167747271285555,19,-0.600309080042229,0.22696536068439402,1.4699155778679123,0.2155129701890232,0.8272865251278031,1.0208330358622772,0.33071891388307384,0.0,0.7680128579652817,0.0,0.0,25.0,0.0,0.0
4543,0.6666666666666666,36,,2.4444444444444446,2.111111111111111,,1.9555555555555557,2.3333333333333335,2.0,0.05555555555555555,0.0,0.5,0.0,"{'lift1': 0.0, 'lift2': 0.0, 'lift3': 0.0}","{'lift1': 0.7222222222222222, 'lift2': 0.6666666666666666, 'lift3': 0.7222222222222222}",2.111111111111111,0.0,0.0,,0.0,0.0,,0.0,0.0,2.4444444444444446,0.7777777777777778,0.0,0.0,202.71019741316593,0.0,,0.0,27.77777777777778,0.5555555555555556,30.176779326192047,{},20,,,,Good,Labview,4543_2017-03-10 12:21:01.4800 -0800,0.7220280586876939,33,0.9388412809103406,0.4248495627916301,-0.9233649819401205,0.9785456060914989,0.7458791952339686,0.9148987471924918,0.41573970964154905,0.0,1.1249142628509214,0.0,0.0,24.845199749997665,0.0,0.0
6619,0.5,38,,2.0,1.125,3.0,1.5,2.375,0.0,1.9166666666666667,0.0,1.625,0.25,"{'lift1': 0.25, 'lift2': 0.0, 'lift3': 0.0}","{'lift1': 0.375, 'lift2': 0.625, 'lift3': 0.125}",1.125,0.0,0.0,,0.0,0.125,,0.0,0.0,1.75,0.75,0.0,0.0,174.7935307464993,0.0,['lift1'],0.0,0.0,0.0,0.6125013487968811,{'-KeuIMX_QDbdmZZ05xbZ': 'https://firebasestorage.googleapis.com/v0/b/scouting-2017-5f51c.appspot.com/o/6619_2017-03-10%2014:17:07.6940%20-0800.png?alt=media&token=232beabe-b724-435c-bf36-7ad353a5ea88'},20,,,,Bad,C++,6619_2017-03-10 14:17:07.6940 -0800,0.4615857231822561,40,0.10404786480047212,-1.3313727309100893,1.4699155778679123,-0.15906668743582794,0.8272865251278031,-0.40927986117983234,0.4330127018922193,0.4330127018922193,1.0532687216470449,0.0,0.0,0.0,0.0,0.0
294,1.0,21,,1.8888888888888888,2.111111111111111,,1.5111111111111113,1.8888888888888888,0.0,1.4444444444444444,0.0,0.6666666666666666,0.5555555555555556,"{'lift1': 0.5555555555555556, 'lift2': 0.0, 'lift3': 0.0}","{'lift1': 0.7222222222222222, 'lift2': 0.2222222222222222, 'lift3': 0.4444444444444444}",1.3888888888888888,0.0,0.6666666666666666,,0.0,0.1111111111111111,4.333333333333333,0.0,0.0,1.8888888888888888,0.8888888888888888,0.0,0.1111111111111111,198.00256095011895,0.0,['lift1'],0.1111111111111111,22.22222222222222,0.4444444444444444,18.512542860797172,"{'-Keu9fIzwJARpU9cYiJd': 'https://firebasestorage.googleapis.com/v0/b/scouting-2017-5f51c.appspot.com/o/294_2017-03-10%2013:37:06.7090%20-0800.png?alt=media&token=d8773f6c-c8b7-4fb6-bef2-746009d72545', '-Keu9JA-XzALUK17quZk': 'https://firebasestorage.googleapis.com/v0/b/scouting-2017-5f51c.appspot.com/o/294_2017-03-10%2013:37:06.7090%20-0800.png?alt=media&token=23198b74-6c86-4daa-9240-243ce0df892d'}",5,,,,Good,Java,294_2017-03-10 13:37:06.7090 -0800,1.5052723436662288,6,-0.10465048922699499,0.4248495627916301,-0.9233649819401205,-0.13132004613028295,-0.12246565696693582,-0.14444413950536772,0.3142696805273545,0.4969039949999533,0.6573421981221795,0.0,1.2472191289246473,24.845199749997665,0.0,0.0
5104,1.5555555555555556,4,,1.6666666666666667,2.111111111111111,2.0,1.4222222222222225,1.5555555555555556,0.0,1.6666666666666667,0.0,0.9629629629629631,0.1111111111111111,"{'lift1': 0.1111111111111111, 'lift2': 0.0, 'lift3': 0.0}","{'lift1': 0.5555555555555556, 'lift2': 0.4444444444444444, 'lift3': 0.8888888888888888}",1.8888888888888888,0.0,0.0,,0.0,0.0,,0.0,0.0,1.8888888888888888,0.7777777777777778,0.0,0.1111111111111111,202.71019741316593,0.0,['lift1'],0.1111111111111111,27.77777777777778,0.5555555555555556,24.423831642214946,"{'-KetIRvOUhft6aEXD928': 'https://firebasestorage.googleapis.com/v0/b/scouting-2017-5f51c.appspot.com/o/5104_2017-03-10%2009:38:31.2700%20-0800.png?alt=media&token=9e9d0b1e-9080-470d-a23e-2ad2852dbe3f', '-KetIaqjAJ3D8x7LliTU': 'https://firebasestorage.googleapis.com/v0/b/scouting-2017-5f51c.appspot.com/o/5104_2017-03-10%2009:38:14.9450%20-0800.png?alt=media&token=e49b64ca-71b7-4298-9f64-ee9897759815'}",10,,,,Okay,C++,5104_2017-03-10 09:38:31.2700 -0800,1.5555555555555556,4,-0.5220471972819288,0.4248495627916301,0.6721553912652346,-0.35329317657463905,-0.7737242961176137,-0.14444413950536772,0.41573970964154905,0.31426968052735443,0.5665577237325317,0.0,0.0,24.84519974999766,0.0,0.0
6711,0.4444444444444444,42,,1.1111111111111112,0.8888888888888888,2.0,1.0222222222222221,1.0,0.0,0.3333333333333333,0.2222222222222222,0.5555555555555556,0.0,"{'lift1': 0.0, 'lift2': 0.0, 'lift3': 0.0}","{'lift1': 0.0, 'lift2': 0.0, 'lift3': 0.1111111111111111}",0.1111111111111111,0.0,0.0,,0.0,0.0,,0.0,0.0,1.4444444444444444,0.0,0.2222222222222222,0.2222222222222222,176.59908630205484,0.0,,0.0,5.555555555555555,0.1111111111111111,1.5310243733904791,{'-KetFg4W4AlRW0AtfRkg': 'https://firebasestorage.googleapis.com/v0/b/scouting-2017-5f51c.appspot.com/o/6711_2017-03-10%2009:24:06.7700%20-0800.png?alt=media&token=2da1c4ee-4d95-45d7-acc3-02c896f78e93'},15,,,,Terrible,Java,6711_2017-03-10 09:24:06.7700 -0800,0.4444444444444444,43,-1.565538967419264,-1.751876660387966,0.6721553912652346,-1.3521722635742437,-1.859155361368744,-0.9919184488636549,0.0,0.0,0.31426968052735443,0.0,0.0,15.713484026367722,0.0,0.0
6657,0.6666666666666666,37,,1.5555555555555556,1.2222222222222223,,1.288888888888889,1.8888888888888888,0.0,1.2222222222222223,0.0,0.5555555555555556,0.0,"{'lift1': 0.0, 'lift2': 0.0, 'lift3': 0.0}","{'lift1': 0.6666666666666666, 'lift2': 0.7777777777777778, 'lift3': 0.2222222222222222}",1.6666666666666667,0.0,0.0,,0.0,0.4444444444444444,,0.0,0.0,1.6666666666666667,0.5555555555555556,0.1111111111111111,0.2222222222222222,173.82130852427707,0.0,,0.1111111111111111,0.0,0.0,-2.460807027431062,{'-KetTpgHytUlYnO5XiUj': 'https://firebasestorage.googleapis.com/v0/b/scouting-2017-5f51c.appspot.com/o/6657_2017-03-10%2010:27:43.0020%20-0800.png?alt=media&token=e866f502-fb19-42b0-bfd0-f5cd37750a8e'},25,,,,Bad,Java,6657_2017-03-10 10:27:43.0020 -0800,0.6666666666666666,37,-0.7307455513093959,-1.1582240540662578,-0.9233649819401205,-0.6862528722411741,-0.12246565696693582,-0.568181294184511,0.4969039949999533,0.0,1.3333333333333333,0.0,0.0,0.0,0.0,0.0
3501,0.8888888888888888,29,,1.8888888888888888,2.2222222222222223,2.5,1.5111111111111113,1.6666666666666667,0.0,1.1111111111111112,0.0,0.2222222222222222,0.1111111111111111,"{'lift1': 0.1111111111111111, 'lift2': 0.0, 'lift3': 0.0}","{'lift1': 0.3333333333333333, 'lift2': 1.0, 'lift3': 0.4444444444444444}",1.7777777777777777,0.0,1.4411764705882353,,0.0,0.3333333333333333,6.958333333333333,0.0,0.0,1.8888888888888888,0.7777777777777778,0.0,0.0,175.56469212127158,0.0,['lift1'],0.0,0.0,0.0,0.598788962681297,"{'-KetXH2PWJf8vGmP-Z_Y': 'https://firebasestorage.googleapis.com/v0/b/scouting-2017-5f51c.appspot.com/o/3501_2017-03-10%2010:37:25.1530%20-0800.png?alt=media&token=3e44ce3f-13b1-46ce-95f4-b36b15d4ef00', '-KetXcu4uZffyW2Uq_az': 'https://firebasestorage.googleapis.com/v0/b/scouting-2017-5f51c.appspot.com/o/3501_2017-03-10%2010:37:25.1530%20-0800.png?alt=media&token=5194cbec-2ce9-4a0d-8268-d22b20c27fa4', '-KeuM_0zKQz6Y7r4ydTB': 'https://firebasestorage.googleapis.com/v0/b/scouting-2017-5f51c.appspot.com/o/3501_2017-03-10%2014:36:24.2080%20-0800.png?alt=media&token=6ee649bd-34fa-420c-9630-ed60c0012231'}",35,,,,Okay,Java,3501_2017-03-10 10:37:25.1530 -0800,0.4491346060057611,41,-0.10465048922699499,0.6227337648988662,1.0710354845665735,-0.13132004613028295,-0.5566380830673876,-0.14444413950536772,0.41573970964154905,0.31426968052735443,0.7856742013183862,0.0,2.83331637148054,0.0,0.0,0.0
2493,0.8888888888888888,31,,1.5555555555555556,1.3333333333333333,2.0,1.2000000000000002,2.2222222222222223,0.0,0.5555555555555556,0.1111111111111111,1.3333333333333333,0.0,"{'lift1': 0.0, 'lift2': 0.0, 'lift3': 0.0}","{'lift1': 0.0, 'lift2': 0.5555555555555556, 'lift3': 0.3888888888888889}",0.9444444444444444,0.0,0.0,,0.0,0.05555555555555555,,0.0,0.0,1.4444444444444444,0.8888888888888888,0.0,0.0,186.59908630205484,0.0,,0.0,11.11111111111111,0.2222222222222222,8.5257675635323,{'-KeubUs_rprUCaD1xKmx': 'https://firebasestorage.googleapis.com/v0/b/scouting-2017-5f51c.appspot.com/o/2493_2017-03-10%2015:45:48.5490%20-0800.png?alt=media&token=429db221-c336-4470-93b2-e30d9608d789'},35,,,,Terrible,C++,2493_2017-03-10 15:45:48.5490 -0800,0.9975242593367757,24,-0.7307455513093959,-0.960339851959022,0.6721553912652346,-0.9082260026855302,0.5287929821837425,-0.9919184488636549,0.3142696805273545,0.0,0.4969039949999533,0.0,0.0,20.78698548207745,0.0,0.0
1671,1.2,14,,1.7,1.8,2.5,1.72,2.2,0.0,1.35,0.1,1.35,0.0,"{'lift1': 0.0, 'lift2': 0.0, 'lift3': 0.0}","{'lift1': 0.2, 'lift2': 0.5, 'lift3': 0.2}",0.9,0.0,0.0,,0.0,0.1,,0.0,0.0,2.6,0.9,0.0,0.1,185.5435307464993,0.0,,0.1,10.0,0.2,12.084611101560979,"{'-Keu4L-UvNDLPe-xSKuw': 'https://firebasestorage.googleapis.com/v0/b/scouting-2017-5f51c.appspot.com/o/1671_2017-03-10%2013:16:52.6450%20-0800.png?alt=media&token=9cb1d67b-1a97-45c9-b6f2-d420d1cb4a51', '-Keu4eepxL_c2PSkzZWv': 'https://firebasestorage.googleapis.com/v0/b/scouting-2017-5f51c.appspot.com/o/1671_2017-03-10%2013:16:52.6450%20-0800.png?alt=media&token=dd30d688-bc5e-4480-9373-4de1a574cc78'}",6,,,,Good,Java,1671_2017-03-10 13:16:52.6450 -0800,1.4174795464647723,8,-0.4594376910736889,-0.12922620310863067,1.0710354845665735,0.390316810413954,0.4853757395736975,1.211514755467892,0.3,0.0,1.044030650891055,0.0,0.0,20.0,0.0,0.0
6699,1.5,7,,2.5,1.75,,2.1,2.125,0.0,1.125,0.0625,2.5208333333333335,0.0,"{'lift1': 0.0, 'lift2': 0.0, 'lift3': 0.0}","{'lift1': 0.375, 'lift2': 0.5, 'lift3': 0.875}",1.75,0.0,0.0,,0.0,0.0,,0.0,0.0,2.75,1.0,0.0,0.0,194.7935307464993,0.0,,0.0,18.75,0.375,22.67255317127192,{'-Keu8P_eoiDPCvUHHJOu': 'https://firebasestorage.googleapis.com/v0/b/scouting-2017-5f51c.appspot.com/o/6699_2017-03-10%2013:32:39.2660%20-0800.png?alt=media&token=838192d4-4a7e-4954-80f0-e74508bec99a'},25,,,,Okay,Java,6699_2017-03-10 13:32:39.2660 -0800,1.19449182231662,16,1.0431904579240736,-0.21827409405688694,-0.9233649819401205,1.3392519430635779,0.33884254576479456,1.4975373348763137,0.0,0.0,0.9682458365518543,0.0,0.0,24.206145913796355,0.0,0.0
6059,0.4444444444444444,44,,0.6666666666666666,0.5555555555555556,,0.5333333333333334,1.0,0.0,0.0,0.0,0.0,0.0,"{'lift1': 0.0, 'lift2': 0.0, 'lift3': 0.0}","{'lift1': 0.0, 'lift2': 0.0, 'lift3': 0.0}",0.0,0.0,0.0,,0.0,0.0,,0.0,0.0,0.6666666666666666,0.0,0.3333333333333333,0.6666666666666666,131.0435307464993,0.0,,0.3333333333333333,0.0,0.0,-3.247920072917552,{'-Ketr2RaBhFaxD5fJ26v': 'https://firebasestorage.googleapis.com/v0/b/scouting-2017-5f51c.appspot.com/o/6059_2017-03-10%2012:14:10.4150%20-0800.png?alt=media&token=02a6b096-be2f-4dcb-a5aa-4bad657b7a74'},30,,,,Bad,C++,6059_2017-03-10 12:14:10.4150 -0800,0.2222256396859579,47,-2.400332383529132,-2.345529266709674,-0.9233649819401205,-2.5730244810182032,-1.859155361368744,-2.474998490240657,0.0,0.0,0.0,0.0,0.0,0.0,0.0,0.0
5852,1.5,5,,2.25,2.125,3.0,1.6,2.25,0.0,0.5625,0.0,1.3125,0.0,"{'lift1': 0.0, 'lift2': 0.0, 'lift3': 0.0}","{'lift1': 0.25, 'lift2': 0.375, 'lift3': 0.125}",0.75,0.0,0.0,,0.0,0.0,,0.0,0.0,1.75,0.75,0.0,0.0,206.0435307464993,0.0,,0.0,31.25,0.625,32.42598690467104,{'-Keu8Ydbr4WK4oLKiXqQ': 'https://firebasestorage.googleapis.com/v0/b/scouting-2017-5f51c.appspot.com/o/5852_2017-03-10%2013:34:16.9120%20-0800.png?alt=media&token=d6de4c2b-af26-4c7b-b8e5-3f7c6192b7e7'},20,,,,Okay,Java,5852_2017-03-10 13:34:16.9120 -0800,1.7498911652861988,2,0.5736191613622729,0.4495850880550345,1.4699155778679123,0.09065308431407319,0.5830645354462989,-0.40927986117983234,0.4330127018922193,0.0,0.6614378277661477,0.0,0.0,24.206145913796355,0.0,0.0
4643,1.0,20,,2.25,1.875,2.0,1.9500000000000002,2.375,0.0,2.0,0.0,0.625,0.0,"{'lift1': 0.0, 'lift2': 0.0, 'lift3': 0.0}","{'lift1': 0.5, 'lift2': 0.875, 'lift3': 1.0}",2.375,0.0,0.0,,0.0,0.0,,0.0,0.0,2.625,1.0,0.0,0.0,176.0435307464993,0.0,,0.0,0.0,0.0,4.382542829786271,{'-KetE0IbxkzI1_2BVbsX': 'https://firebasestorage.googleapis.com/v0/b/scouting-2017-5f51c.appspot.com/o/4643_2017-03-10%2009:18:52.2420%20-0800.png?alt=media&token=e41dbbf9-3acd-4e41-be37-957fbac13a6f'},40,,,,Good,Java,4643_2017-03-10 09:18:52.2420 -0800,1.40704959249623,9,0.5736191613622729,0.004345633313753536,0.6721553912652346,0.9646722854387266,0.8272865251278031,1.2591851853692955,0.0,0.0,0.9921567416492215,0.0,0.0,0.0,0.0,0.0
687,0.5,40,,1.75,1.25,,1.55,1.875,0.0,1.4375,0.125,1.125,0.1875,"{'lift1': 0.0625, 'lift2': 0.125, 'lift3': 0.0}","{'lift1': 0.375, 'lift2': 0.4375, 'lift3': 0.25}",1.0625,0.0,0.0,,0.0,0.0,,0.0,0.0,2.125,0.75,0.0,0.5,187.2935307464993,0.0,"['lift1', 'lift2']",0.5,12.5,0.25,5.944685354782609,{'-KetTFSc895BduR8Hpk1': 'https://firebasestorage.googleapis.com/v0/b/scouting-2017-5f51c.appspot.com/o/687_2017-03-10%2010:24:00.4630%20-0800.png?alt=media&token=af68c848-5490-42ae-83fb-3fb493fa689c'},35,,,,Bad,Java,687_2017-03-10 10:24:00.4630 -0800,0.7477553656336193,32,-0.3655234317613287,-1.1087530035394488,-0.9233649819401205,-0.03420680156087737,-0.14960143359821398,0.30577658734122243,0.4330127018922193,0.34798527267687634,1.0135796712641785,0.0,0.0,21.650635094610966,0.0,0.0
1662,1.2222222222222223,12,,2.3333333333333335,2.3333333333333335,,1.911111111111111,2.111111111111111,0.0,2.111111111111111,0.0,0.7222222222222222,0.1111111111111111,"{'lift1': 0.1111111111111111, 'lift2': 0.0, 'lift3': 0.0}","{'lift1': 0.1111111111111111, 'lift2': 1.1111111111111112, 'lift3': 0.6111111111111112}",1.8333333333333333,0.0,0.0,,0.0,0.3333333333333333,3.5,0.0,35.30434782608695,2.4444444444444446,1.0,0.0,0.1111111111111111,197.82537194410435,0.0,['lift1'],0.1111111111111111,16.666666666666668,0.3333333333333333,16.7246490579982,{'-KetdUgTZAij72ZxzBGi': 'https://firebasestorage.googleapis.com/v0/b/scouting-2017-5f51c.appspot.com/o/1662_2017-03-10%2011:14:20.3670%20-0800.png?alt=media&token=c66e3dea-ec27-4dfb-a0d4-1222bf6e9c7b'},3,,,,Great,C++,1662_2017-03-10 11:14:20.3670 -0800,1.2222222222222223,14,0.7301429268828734,0.8206179670061022,-0.9233649819401205,0.8675590408693199,0.3117067691335164,0.9148987471924918,0.0,0.31426968052735443,1.1547005383792515,0.0,0.0,23.570226039551585,0.0,99.85577501277852
5817,0.8571428571428571,32,"[None, 'Hopper']",2.7142857142857144,2.142857142857143,,1.8857142857142857,2.4285714285714284,0.0,1.7142857142857142,0.0,0.14285714285714285,0.14285714285714285,"{'lift1': 0.0, 'lift2': 0.14285714285714285, 'lift3': 0.0}","{'lift1': 0.7142857142857143, 'lift2': 1.5714285714285714, 'lift3': 0.0}",2.2857142857142856,1.1160714285714286,2.690746753246753,11.5,0.0,0.42857142857142855,,0.0,0.0,2.0,0.5714285714285714,0.0,0.14285714285714285,212.26418934380416,0.0,['lift2'],0.14285714285714285,35.714285714285715,0.7142857142857143,31.463619044551955,{'-KeulOBWaW1fKMntayjb': 'https://firebasestorage.googleapis.com/v0/b/scouting-2017-5f51c.appspot.com/o/5817_2017-03-10%2016:27:34.0610%20-0800.png?alt=media&token=e44ede84-98d3-46e5-b9c7-caa3607324bb'},30,,,,Bad,Java,5817_2017-03-10 16:27:34.0610 -0800,1.1482739857970454,20,1.4456801406913318,0.4813879062508402,-0.9233649819401205,0.8041381464566469,0.9319530921341617,0.06742443783420418,0.4948716593053935,0.3499271061118826,1.160576914947994,2.733805516499083,4.519883284365208,22.58769757263128,0.0,0.0
