Oklahoma,okok,,,,,,,,,,,,,,,,,,,,,,,,,,,,,,,,,,,,,,,,,,,,,,,,,,,,,,,
,,,,,,,,,,,,,,,,,,,,,,,,,,,,,,,,,,,,,,,,,,,,,,,,,,,,,,,,
,,Auto,,,,,,,,,,,,Teleop,,,,,,,,,,,,Endgame,,,,Defense,,,Miscellaneous,,,,,,,,Aggregate,,,,,,,,,,,,,,,
team Number,nickname,auto Mobility Points,auto Fuel Low,auto Fuel High,auto Fuel Points,rotor 1 Auto,rotor 2 Auto,auto Rotor Points,auto Scored Gears,estimated Auto Gears,estimated Auto Gears 2,auto Rotor Bonus,auto Points,teleop Fuel Low,teleop Fuel High,teleop Fuel Points,rotor 1 Engaged,rotor 2 Engaged,rotor 3 Engaged,rotor 4 Engaged,teleop Rotor Points,teleop Scored Gears,estimated Teleop Gears,estimated Teleop Gears 2,teleop Points,touchpad Near,touchpad Middle,touchpad Far,teleop Takeoff Points,anterior Touchpad Activation Rate,estimated Subtracted Opponent Gears,subtracted Opponent Teleop Points,kPa Ranking Point Achieved,rotor Ranking Point Achieved,foul Count,fouls Drawn,tech Foul Count,tech Fouls Drawn,foul Points,foul Points Drawn,total Rotor Points,total Rotors Engaged,total Scored Gears,estimated Total Gears,estimated Total Gears 2,kPa Added,total Points,playoff Total Points,win,winning Margin,winning Margin Elo,,,,,
31,Prime Movers,3.63,0.00,-0.12,-0.12,0.16,0.00,9.86,0.16,-1.00,-1.00,3.29,13.38,-0.58,0.05,-0.02,0.33,0.24,-0.07,0.00,13.72,0.18,-1.00,-1.00,32.41,0.14,-0.03,0.27,18.71,0.50,-1.00,-1.00,0.00,0.00,0.40,0.23,-0.12,0.08,-1.10,3.22,23.58,0.51,0.34,-1.00,-1.00,-0.14,49.01,49.01,0.19,-3.54,1405,,,,,
932,Circuit Chargers,2.53,0.00,-0.06,-0.06,0.52,0.00,31.15,0.52,-1.00,-1.00,10.38,33.62,-0.20,-0.12,-0.03,0.33,0.29,0.34,0.00,17.93,1.45,-1.00,-1.00,58.03,0.67,0.11,0.03,40.13,0.69,-1.00,-1.00,0.00,0.00,0.03,0.20,-0.04,0.06,-0.73,2.58,49.07,0.97,1.97,-1.00,-1.00,-0.10,94.23,94.23,0.10,20.16,1515,,,,,
1209,Robo Hornets,5.54,0.00,-0.03,-0.03,0.17,0.00,9.92,0.17,-1.00,-1.00,3.31,15.42,0.16,-0.04,-0.02,0.33,0.31,0.03,0.00,20.45,0.62,-1.00,-1.00,43.64,0.32,0.08,0.07,23.21,0.75,-1.00,-1.00,0.00,0.00,-0.02,-0.32,1.07,0.12,26.53,1.50,30.37,0.68,0.78,-1.00,-1.00,-0.06,60.56,60.56,0.08,-29.49,1431,,,,,
1561,ROBODUCKS,3.52,0.00,-0.05,-0.05,-0.03,0.00,-1.52,-0.03,-1.00,-1.00,-0.51,1.95,0.34,0.01,0.02,0.33,0.36,0.11,0.00,33.05,1.18,-1.00,-1.00,72.58,0.41,0.27,0.11,39.51,0.63,-1.00,-1.00,0.00,0.00,0.00,-0.38,0.08,-0.02,1.89,-2.42,31.53,0.80,1.15,-1.00,-1.00,-0.03,72.10,72.10,0.06,-26.46,1455,,,,,
1742,Shockwave,0.45,0.00,-0.66,-0.66,0.06,0.00,3.79,0.06,-1.00,-1.00,1.26,3.58,-0.32,-0.07,-0.02,0.33,0.33,0.06,0.00,26.12,0.83,-1.00,-1.00,25.08,-0.16,0.11,0.03,-1.02,0.00,-1.00,-1.00,0.00,0.00,-0.15,0.01,-0.33,-0.40,-9.03,-9.99,29.91,0.72,0.89,-1.00,-1.00,-0.68,18.67,18.67,0.14,-15.87,1449,,,,,
1750,ThunderStorm Robotics,0.40,0.00,0.38,0.38,-0.06,0.00,-3.74,-0.06,-1.00,-1.00,-1.25,-2.97,0.39,0.25,0.04,0.33,0.24,-0.04,0.00,23.93,0.38,-1.00,-1.00,57.65,0.30,0.32,0.06,33.68,0.63,-1.00,-1.00,0.00,0.00,0.30,0.52,-0.07,0.13,-0.13,5.87,20.19,0.54,0.31,-1.00,-1.00,0.42,60.55,60.55,0.07,-11.36,1469,,,,,
1806,S.W.A.T.,4.84,0.00,2.75,2.75,0.15,0.00,8.95,0.15,-1.00,-1.00,2.98,16.53,-0.12,-0.01,-0.02,0.33,0.33,0.59,0.00,44.14,2.88,-1.00,-1.00,68.48,0.22,-0.01,0.28,24.37,0.71,-1.00,-1.00,0.00,0.00,0.02,-0.04,-0.00,0.73,0.10,17.97,53.08,1.25,3.03,-1.00,-1.00,2.73,102.99,102.99,0.30,33.60,1607,,,,,
2004,Thunderducks,3.17,0.00,0.29,0.29,0.13,0.00,8.07,0.13,-1.00,-1.00,2.69,11.53,0.32,-0.06,0.02,0.33,0.36,0.07,0.00,25.41,0.86,-1.00,-1.00,44.64,0.12,0.22,0.04,19.21,0.25,-1.00,-1.00,0.00,0.00,0.09,0.03,0.03,0.24,1.20,6.05,33.48,0.77,1.00,-1.00,-1.00,0.32,62.23,62.23,-0.08,-17.63,1365,,,,,
2165,Trailblazers,4.18,0.00,-0.03,-0.03,0.13,0.00,7.91,0.13,-1.00,-1.00,2.64,12.06,-1.33,-0.06,-0.16,0.33,0.36,0.33,0.00,36.05,1.92,-1.00,-1.00,59.70,-0.08,0.45,0.11,23.82,0.88,-1.00,-1.00,0.00,0.00,0.39,0.08,-0.25,0.10,-4.18,2.94,43.96,1.03,2.05,-1.00,-1.00,-0.19,74.70,74.70,0.23,15.67,1479,,,,,
2333,S.C.R.E.E.C.H.,5.48,0.00,0.45,0.45,0.24,0.00,14.68,0.24,-1.00,-1.00,4.89,20.62,-0.12,-0.08,-0.04,0.33,0.31,0.22,0.00,25.05,1.28,-1.00,-1.00,69.33,0.27,0.50,0.12,44.32,0.73,-1.00,-1.00,0.00,0.00,-0.21,0.51,0.34,-0.08,7.49,0.47,39.73,0.87,1.53,-1.00,-1.00,0.41,90.41,90.41,0.19,2.27,1430,,,,,
2341,Sprockets,4.46,0.00,0.28,0.28,0.20,0.00,12.05,0.20,-1.00,-1.00,4.02,16.80,0.09,0.19,0.04,0.33,0.33,0.40,0.00,34.82,2.08,-1.00,-1.00,66.39,0.09,0.27,0.27,31.53,0.85,-1.00,-1.00,0.00,0.00,-0.05,0.81,-0.17,-0.21,-4.50,-1.21,46.88,1.07,2.28,-1.00,-1.00,0.32,81.97,81.97,0.46,66.32,1538,,,,,
2352,Metal Mayhem,4.82,0.00,0.10,0.10,0.71,0.00,42.43,0.71,-1.00,-1.00,14.14,47.35,0.46,0.49,0.04,0.33,0.31,0.21,0.00,5.96,0.78,-1.00,-1.00,69.90,0.51,0.50,0.27,63.90,0.85,-1.00,-1.00,0.00,0.00,0.05,0.42,-0.11,-0.08,-2.54,0.04,48.39,0.86,1.49,-1.00,-1.00,0.13,117.29,117.29,0.52,48.43,1584,,,,,
2354,Red River Robotics,3.27,0.00,0.10,0.10,0.00,0.00,0.04,0.00,-1.00,-1.00,0.01,3.41,0.04,-0.10,-0.02,0.33,0.37,-0.10,0.00,23.73,0.31,-1.00,-1.00,62.69,0.45,0.42,-0.08,38.98,0.38,-1.00,-1.00,0.00,0.00,0.49,0.05,0.00,0.25,2.55,6.53,23.78,0.59,0.31,-1.00,-1.00,0.08,72.64,72.64,0.13,-17.74,1468,,,,,
2359,RoboLobos,5.62,0.00,0.51,0.51,0.48,0.00,28.58,0.48,-1.00,-1.00,9.53,34.71,-0.30,0.18,-0.11,0.33,0.35,0.49,0.00,27.93,2.18,-1.00,-1.00,80.00,0.31,0.49,0.24,52.18,0.93,-1.00,-1.00,0.00,0.00,-0.18,0.15,-0.19,-0.17,-5.69,-3.58,56.50,1.17,2.66,-1.00,-1.00,0.40,111.13,111.13,0.46,60.23,1564,,,,,
2373,The Crickets,4.74,0.00,-0.15,-0.15,-0.06,0.00,-3.43,-0.06,-1.00,-1.00,-1.14,1.16,-1.34,0.04,-0.14,0.33,0.38,0.53,0.00,52.07,2.91,-1.00,-1.00,84.70,0.22,0.23,0.21,32.77,0.64,-1.00,-1.00,0.00,0.00,-0.23,-0.02,-0.11,0.32,-3.79,7.94,48.64,1.24,2.86,-1.00,-1.00,-0.29,93.79,93.79,0.31,18.26,1500,,,,,
2388,Pirate Robotics,-0.43,0.00,-0.73,-0.73,0.25,0.00,14.87,0.25,-1.00,-1.00,4.96,13.71,2.03,0.02,0.27,0.33,0.37,0.49,0.00,37.82,2.43,-1.00,-1.00,31.73,0.08,-0.18,-0.02,-6.36,0.13,-1.00,-1.00,0.00,0.00,0.55,-0.11,-0.29,-0.07,-4.49,-2.34,52.69,1.19,2.68,-1.00,-1.00,-0.46,43.10,43.10,0.25,8.04,1492,,,,,
2395,OKC 4-H Robotics - Ninja Munkees,3.88,0.00,0.57,0.57,0.48,0.00,28.66,0.48,-1.00,-1.00,9.55,33.11,0.21,0.05,-0.00,0.33,0.32,0.45,0.00,25.12,1.97,-1.00,-1.00,56.65,0.40,0.17,0.06,31.54,0.64,-1.00,-1.00,0.00,0.00,0.82,0.37,0.02,0.40,4.66,11.85,53.78,1.11,2.45,-1.00,-1.00,0.57,101.62,101.62,0.30,39.49,1453,,,,,
2398,Tech Walkers,5.29,0.00,0.59,0.59,0.06,0.00,3.45,0.06,-1.00,-1.00,1.15,9.33,0.07,-0.13,0.00,0.33,0.34,0.25,0.00,34.72,1.63,-1.00,-1.00,32.33,-0.15,-0.06,0.16,-2.39,0.10,-1.00,-1.00,0.00,0.00,-0.40,0.01,-0.13,1.33,-5.21,33.35,38.17,0.93,1.68,-1.00,-1.00,0.59,75.01,75.01,0.62,62.22,1449,,,,,
2424,Robot Mafia,4.03,0.00,-0.26,-0.26,0.10,0.00,6.24,0.10,-1.00,-1.00,2.08,10.00,0.12,0.38,0.02,0.33,0.31,-0.25,0.00,11.60,-0.47,-1.00,-1.00,19.95,0.25,0.15,-0.24,8.33,0.13,-1.00,-1.00,0.00,0.00,0.68,0.27,-0.06,0.48,1.81,13.27,17.83,0.39,-0.37,-1.00,-1.00,-0.24,43.23,43.23,0.02,-5.15,1412,,,,,
2461,METAL-SKINS,3.84,0.00,-0.48,-0.48,0.15,0.00,9.22,0.15,-1.00,-1.00,3.07,12.58,8.73,0.01,0.92,0.33,0.33,0.36,0.00,34.78,1.93,-1.00,-1.00,12.65,-0.01,-0.32,-0.13,-23.05,0.00,-1.00,-1.00,0.00,0.00,0.48,-0.08,0.01,-0.11,2.64,-3.16,44.00,1.02,2.08,-1.00,-1.00,0.44,22.07,22.07,0.08,-27.30,1339,,,,,
2765,Radioactive Robotics,4.79,0.00,1.73,1.73,0.28,0.00,16.60,0.28,-1.00,-1.00,5.53,23.12,-1.23,0.14,-0.20,0.33,0.33,0.48,0.00,34.73,2.32,-1.00,-1.00,78.64,0.45,0.18,0.25,44.11,0.50,-1.00,-1.00,0.00,0.00,0.05,-0.14,0.05,0.16,1.63,3.37,51.33,1.14,2.60,-1.00,-1.00,1.53,105.12,105.12,0.25,35.50,1469,,,,,
2773,IRONDOGZ,4.27,0.00,0.45,0.45,0.17,0.00,10.32,0.17,-1.00,-1.00,3.44,15.04,0.34,-0.09,0.03,0.33,0.33,-0.16,0.00,13.31,-0.13,-1.00,-1.00,34.68,0.01,0.43,-0.02,21.35,0.55,-1.00,-1.00,0.00,0.00,-0.15,0.09,0.18,0.44,3.64,11.51,23.62,0.50,0.04,-1.00,-1.00,0.48,61.23,61.23,0.37,29.50,1452,,,,,
2795,Ohm's Claw,5.72,0.00,0.63,0.63,-0.10,0.00,-5.72,-0.10,-1.00,-1.00,-1.91,0.64,1.67,0.00,0.16,0.33,0.32,0.13,0.00,34.89,1.25,-1.00,-1.00,61.75,0.49,0.05,-0.00,26.71,0.77,-1.00,-1.00,0.00,0.00,0.09,-0.09,-0.17,0.05,-3.85,0.74,29.17,0.78,1.15,-1.00,-1.00,0.79,63.13,63.13,0.08,-9.81,1412,,,,,
2874,Iron Eagles,4.40,0.00,0.25,0.25,-0.13,0.00,-8.04,-0.13,-1.00,-1.00,-2.68,-3.38,-0.52,0.22,-0.06,0.33,0.37,0.29,0.00,44.96,2.02,-1.00,-1.00,62.85,0.10,0.15,0.10,17.96,0.50,-1.00,-1.00,0.00,0.00,0.33,0.35,0.13,0.05,4.88,3.01,36.92,0.99,1.89,-1.00,-1.00,0.19,62.48,62.48,0.23,-0.13,1417,,,,,
2950,Devastators,5.00,0.00,0.64,0.64,0.28,0.00,16.55,0.28,-1.00,-1.00,5.52,22.18,0.30,-0.08,0.02,0.33,0.36,-0.09,0.00,12.79,0.04,-1.00,-1.00,38.49,-0.06,0.33,0.24,25.68,0.63,-1.00,-1.00,0.00,0.00,0.62,0.26,0.10,0.46,5.71,12.92,29.34,0.60,0.32,-1.00,-1.00,0.66,73.60,73.60,0.06,15.50,1451,,,,,
2986,ASTEC Explorers,-0.03,0.00,-0.31,-0.31,0.26,0.00,15.51,0.26,-1.00,-1.00,5.17,15.17,1.56,-0.03,0.14,0.33,0.36,0.01,0.00,17.66,0.49,-1.00,-1.00,44.74,-0.36,0.49,0.40,26.93,0.38,-1.00,-1.00,0.00,0.00,0.06,-0.09,-0.06,0.18,-1.14,4.01,33.17,0.70,0.75,-1.00,-1.00,-0.17,63.92,63.92,0.25,2.82,1415,,,,,
3152,KTC-Monsters,3.00,0.00,0.42,0.42,-0.22,0.00,-13.07,-0.22,-1.00,-1.00,-4.36,-9.65,-0.72,-0.04,-0.08,0.33,0.37,-0.08,0.00,33.76,0.61,-1.00,-1.00,40.92,-0.00,0.24,-0.09,7.24,0.00,-1.00,-1.00,0.00,0.00,-0.14,-0.12,0.31,0.44,7.05,10.33,20.69,0.63,0.39,-1.00,-1.00,0.34,41.60,41.60,0.16,7.65,1412,,,,,
3160,FROG:  FIRST Robotics Organization of Grove,5.54,0.00,-0.04,-0.04,-0.18,0.00,-10.81,-0.18,-1.00,-1.00,-3.60,-5.31,-0.93,0.22,-0.06,0.33,0.34,0.25,0.00,44.25,1.87,-1.00,-1.00,97.97,0.46,0.23,0.38,53.78,1.00,-1.00,-1.00,0.00,0.00,-0.34,0.01,0.36,-0.10,7.28,-2.41,33.45,0.93,1.69,-1.00,-1.00,-0.11,90.26,90.26,0.40,33.58,1507,,,,,
3163,ROARBOTS,3.59,0.00,-0.42,-0.42,-0.02,0.00,-1.33,-0.02,-1.00,-1.00,-0.44,1.83,13.64,-0.13,1.10,0.33,0.34,0.02,0.00,28.48,0.76,-1.00,-1.00,67.88,0.21,0.34,0.21,38.30,0.75,-1.00,-1.00,0.00,0.00,-0.09,0.24,0.12,0.20,2.54,6.28,27.15,0.69,0.74,-1.00,-1.00,0.68,75.99,75.99,0.09,2.31,1457,,,,,
3179,The A.N.T.,4.46,0.00,-0.29,-0.29,-0.11,0.00,-6.45,-0.11,-1.00,-1.00,-2.15,-2.28,-0.17,-0.21,-0.01,0.33,0.32,0.06,0.00,32.74,0.99,-1.00,-1.00,69.10,0.08,0.14,0.51,36.36,0.63,-1.00,-1.00,0.00,0.00,-0.56,-0.20,0.15,0.25,0.92,5.22,26.30,0.71,0.88,-1.00,-1.00,-0.30,72.04,72.04,0.24,19.65,1494,,,,,
3247,Robopack,5.59,0.00,0.65,0.65,0.08,0.00,4.54,0.08,-1.00,-1.00,1.51,10.78,0.86,0.02,0.00,0.33,0.36,-0.02,0.00,23.81,0.53,-1.00,-1.00,55.75,0.29,0.16,0.19,31.94,0.64,-1.00,-1.00,0.00,0.00,0.26,0.86,-0.01,-0.05,1.12,2.94,28.34,0.67,0.61,-1.00,-1.00,0.65,69.47,69.47,0.26,3.53,1488,,,,,
3284,Camdenton 4H LASER 3284,6.38,0.00,3.49,3.49,0.30,0.00,18.27,0.30,-1.00,-1.00,6.09,28.14,-0.46,0.03,0.01,0.33,0.35,0.48,0.00,34.07,2.31,-1.00,-1.00,78.65,0.33,0.15,0.41,44.56,0.77,-1.00,-1.00,0.00,0.00,0.49,0.36,0.35,0.03,11.30,2.60,52.34,1.16,2.61,-1.00,-1.00,3.50,109.38,109.38,0.39,-3.60,1579,,,,,
3457,MacBotics,2.44,0.00,0.30,0.30,-0.05,0.00,-2.95,-0.05,-1.00,-1.00,-0.98,-0.21,0.10,0.08,0.01,0.33,0.36,-0.02,0.00,29.10,0.67,-1.00,-1.00,28.87,0.04,-0.15,0.11,-0.24,0.13,-1.00,-1.00,0.00,0.00,0.56,0.72,-0.15,-0.21,-1.06,-1.70,26.15,0.68,0.63,-1.00,-1.00,0.31,26.96,26.96,-0.04,-37.70,1396,,,,,
3465,The Omega Factor,4.60,0.00,-0.63,-0.63,-0.16,0.00,-9.79,-0.16,-1.00,-1.00,-3.26,-5.82,0.33,-0.12,0.03,0.33,0.30,0.26,0.00,42.41,1.82,-1.00,-1.00,63.35,0.21,0.03,0.18,20.91,0.63,-1.00,-1.00,0.00,0.00,0.13,0.07,-0.24,-0.16,-5.22,-3.63,32.62,0.90,1.66,-1.00,-1.00,-0.59,53.90,53.90,0.12,20.21,1403,,,,,
3498,Jankopotamus,3.90,0.00,-0.60,-0.60,0.04,0.00,2.31,0.04,-1.00,-1.00,0.77,5.61,-0.06,0.01,0.01,0.33,0.33,-0.15,0.00,18.99,0.02,-1.00,-1.00,50.87,0.19,-0.07,0.52,31.87,0.50,-1.00,-1.00,0.00,0.00,-0.20,-0.01,0.70,-0.23,16.49,-5.71,21.30,0.51,0.06,-1.00,-1.00,-0.59,50.77,50.77,0.18,-25.23,1401,,,,,
3507,Ubotics,4.48,0.00,2.61,2.61,0.03,0.00,1.80,0.03,-1.00,-1.00,0.60,8.89,0.55,-0.04,0.07,0.33,0.34,0.02,0.00,26.44,0.70,-1.00,-1.00,69.00,0.23,0.24,0.38,42.50,0.90,-1.00,-1.00,0.00,0.00,0.06,-0.11,-0.34,0.02,-8.24,-0.10,28.24,0.69,0.73,-1.00,-1.00,2.68,77.80,77.80,0.06,-8.46,1527,,,,,
3593,Invictus,4.55,0.00,0.20,0.20,0.22,0.00,13.17,0.22,-1.00,-1.00,4.39,17.93,-0.60,0.01,-0.07,0.33,0.35,-0.13,0.00,13.38,-0.04,-1.00,-1.00,49.23,-0.08,0.37,0.43,35.91,0.75,-1.00,-1.00,0.00,0.00,0.26,0.27,0.43,0.40,11.94,11.24,26.56,0.55,0.18,-1.00,-1.00,0.13,78.39,78.39,0.39,34.20,1520,,,,,
3612,GearHogs,5.88,0.00,0.05,0.05,0.17,0.00,10.33,0.17,-1.00,-1.00,3.44,16.25,0.11,-0.14,0.01,0.33,0.33,0.06,0.00,22.08,0.73,-1.00,-1.00,48.08,0.06,0.03,0.43,26.00,0.77,-1.00,-1.00,0.00,0.00,0.27,0.09,0.51,0.39,14.17,10.29,32.41,0.72,0.90,-1.00,-1.00,0.05,74.63,74.63,0.09,-23.87,1433,,,,,
3660,LIGHTSABERS,3.91,0.00,-0.15,-0.15,-0.10,0.00,-6.18,-0.10,-1.00,-1.00,-2.06,-2.43,0.37,-0.10,0.05,0.33,0.33,0.63,0.00,55.88,3.28,-1.00,-1.00,97.96,0.32,0.11,0.41,42.03,0.77,-1.00,-1.00,0.00,0.00,0.37,-0.07,-0.05,-0.20,0.54,-5.46,49.70,1.29,3.18,-1.00,-1.00,-0.11,90.06,90.06,0.34,3.11,1480,,,,,
3931,Cockadoodle Dominators,5.54,0.00,4.71,4.71,-0.10,0.00,-6.19,-0.10,-1.00,-1.00,-2.06,4.07,-0.05,-0.07,-0.01,0.33,0.37,0.39,0.00,47.98,2.38,-1.00,-1.00,99.53,0.24,0.45,0.34,51.56,0.80,-1.00,-1.00,0.00,0.00,-0.37,0.51,0.22,-0.10,3.71,0.01,41.79,1.10,2.27,-1.00,-1.00,4.71,103.62,103.62,0.46,56.36,1472,,,,,
4005,Hostile Gato Robotics,6.09,0.00,0.13,0.13,0.21,0.00,12.45,0.21,-1.00,-1.00,4.15,18.67,-0.86,0.28,-0.12,0.33,0.33,0.03,0.00,19.14,0.56,-1.00,-1.00,77.71,0.47,0.23,0.48,58.70,0.87,-1.00,-1.00,0.00,0.00,0.51,-0.02,0.61,-0.06,17.86,-1.62,31.59,0.69,0.77,-1.00,-1.00,0.00,94.76,94.76,0.43,9.13,1532,,,,,
4522,Team SCREAM,5.00,0.00,0.01,0.01,0.34,0.00,20.63,0.34,-1.00,-1.00,6.88,25.65,0.42,-0.15,0.02,0.33,0.20,-0.20,0.00,-0.52,-0.62,-1.00,-1.00,53.83,0.45,0.30,0.34,54.34,1.00,-1.00,-1.00,0.00,0.00,0.18,0.03,-0.09,0.13,-1.45,3.47,20.11,0.33,-0.27,-1.00,-1.00,0.04,82.95,82.95,-0.01,-40.74,1517,,,,,
4523,MC Robo,4.91,0.00,-0.06,-0.06,0.08,0.00,4.75,0.08,-1.00,-1.00,1.58,9.60,2.41,0.02,0.30,0.33,0.35,-0.02,0.00,23.31,0.53,-1.00,-1.00,58.48,0.25,-0.17,0.62,34.86,0.38,-1.00,-1.00,0.00,0.00,0.15,0.12,-0.04,0.15,-0.18,4.33,28.06,0.66,0.61,-1.00,-1.00,0.24,72.41,72.41,0.29,2.82,1468,,,,,
4933,Code Green,3.19,0.00,-0.63,-0.63,0.08,0.00,4.74,0.08,-1.00,-1.00,1.58,7.30,-0.43,0.00,0.00,0.33,0.36,0.34,0.00,38.24,1.99,-1.00,-1.00,39.90,0.08,0.24,-0.28,1.66,0.38,-1.00,-1.00,0.00,0.00,-0.28,0.07,0.05,0.05,-0.25,1.72,42.98,1.03,2.06,-1.00,-1.00,-0.63,48.91,48.91,-0.22,-46.99,1412,,,,,
5001,Fast and Serious,0.55,0.00,0.05,0.05,0.00,0.00,0.20,0.00,-1.00,-1.00,0.07,0.81,-0.54,0.18,0.00,0.33,0.39,-0.00,0.00,28.61,0.74,-1.00,-1.00,25.49,0.02,-0.09,0.01,-3.12,0.13,-1.00,-1.00,0.00,0.00,-0.12,0.04,0.44,-0.19,10.47,-4.56,28.82,0.72,0.74,-1.00,-1.00,0.05,21.75,21.75,-0.21,-40.32,1348,,,,,
5013,Trobots,5.46,0.00,-0.27,-0.27,0.03,0.00,1.58,0.03,-1.00,-1.00,0.53,6.76,0.39,-0.01,0.08,0.33,0.36,0.47,0.00,45.39,2.54,-1.00,-1.00,59.45,-0.11,0.38,0.01,13.98,0.55,-1.00,-1.00,0.00,0.00,0.21,0.07,-0.07,0.35,-0.76,9.08,46.96,1.16,2.56,-1.00,-1.00,-0.19,75.29,75.29,0.04,-3.33,1458,,,,,
5126,Electromagnetic Panthers (E.M.P.),4.80,0.00,-0.67,-0.67,0.36,0.00,21.62,0.36,-1.00,-1.00,7.21,25.75,-1.96,-0.13,-0.20,0.33,0.31,0.32,0.00,24.34,1.57,-1.00,-1.00,71.80,0.27,0.30,0.38,47.66,0.88,-1.00,-1.00,0.00,0.00,0.76,0.06,0.19,0.29,8.63,7.50,45.96,0.97,1.93,-1.00,-1.00,-0.87,105.05,105.05,0.10,34.53,1444,,,,,
5178,The Nerdy Birds,5.35,0.00,-0.52,-0.52,0.25,0.00,15.30,0.25,-1.00,-1.00,5.10,20.13,-0.33,-0.09,-0.04,0.33,0.21,0.15,0.00,17.46,0.88,-1.00,-1.00,33.44,0.24,-0.01,0.09,16.02,0.33,-1.00,-1.00,0.00,0.00,0.14,0.14,0.22,0.01,6.10,1.06,32.76,0.69,1.13,-1.00,-1.00,-0.56,54.63,54.63,-0.00,8.96,1412,,,,,
5212,TAMSformers Robotics ,3.03,0.00,-0.40,-0.40,0.24,0.00,14.21,0.24,-1.00,-1.00,4.74,16.85,0.32,0.01,0.06,0.33,0.35,-0.11,0.00,13.31,-0.02,-1.00,-1.00,34.76,0.14,0.19,0.09,21.39,0.25,-1.00,-1.00,0.00,0.00,-0.09,0.47,0.07,-0.12,1.21,-0.62,27.52,0.57,0.22,-1.00,-1.00,-0.34,50.98,50.98,0.28,4.82,1423,,,,,
5437,Rocky Balboabots,4.80,0.00,-0.21,-0.21,-0.07,0.00,-4.05,-0.07,-1.00,-1.00,-1.35,0.54,-0.71,0.07,-0.06,0.33,0.37,0.21,0.00,39.26,1.64,-1.00,-1.00,77.31,0.18,0.11,0.47,38.11,0.82,-1.00,-1.00,0.00,0.00,0.05,0.31,0.18,0.01,4.81,1.93,35.21,0.91,1.57,-1.00,-1.00,-0.27,79.79,79.79,0.07,-40.02,1538,,,,,
5550,Broncho Bots,4.56,0.00,-0.17,-0.17,0.41,0.00,24.66,0.41,-1.00,-1.00,8.22,29.05,0.64,0.22,0.08,0.33,0.36,0.12,0.00,16.14,0.78,-1.00,-1.00,54.85,0.34,0.08,0.36,38.62,0.82,-1.00,-1.00,0.00,0.00,0.35,0.61,-0.01,0.17,1.40,7.33,40.80,0.81,1.19,-1.00,-1.00,-0.08,91.24,91.24,0.19,16.73,1492,,,,,
5578,Metro Mechanical Monsters,5.39,0.00,-1.18,-1.18,-0.01,0.00,-0.90,-0.01,-1.00,-1.00,-0.30,3.32,-0.30,-0.15,-0.02,0.33,0.32,0.36,0.00,41.44,2.13,-1.00,-1.00,55.84,0.01,0.23,0.05,14.42,0.38,-1.00,-1.00,0.00,0.00,-0.13,0.21,0.25,-0.01,5.62,0.93,40.55,1.02,2.12,-1.00,-1.00,-1.20,60.09,60.09,0.21,-29.14,1374,,,,,
5611,Neon Tigers,3.64,0.00,1.07,1.07,-0.01,0.00,-0.79,-0.01,-1.00,-1.00,-0.26,3.92,0.31,-0.16,0.01,0.33,0.35,0.04,0.00,29.49,0.86,-1.00,-1.00,43.62,0.07,0.34,-0.13,14.13,0.38,-1.00,-1.00,0.00,0.00,-0.40,-0.52,0.46,0.10,9.44,-0.11,28.70,0.72,0.85,-1.00,-1.00,1.08,47.43,47.43,0.09,-15.82,1388,,,,,
5621,Cyberian Huskies,1.69,0.00,0.07,0.07,0.18,0.00,10.60,0.18,-1.00,-1.00,3.53,12.36,-0.07,0.10,0.01,0.33,0.34,0.05,0.00,21.71,0.69,-1.00,-1.00,30.53,0.15,-0.15,0.18,8.82,0.13,-1.00,-1.00,0.00,0.00,0.45,-0.30,0.46,-0.44,13.65,-12.45,32.31,0.72,0.87,-1.00,-1.00,0.08,30.45,30.45,-0.28,-93.53,1314,,,,,
5730,The Professionals ,5.50,0.00,0.97,0.97,0.02,0.00,1.13,0.02,-1.00,-1.00,0.38,7.60,-0.25,0.15,-0.02,0.33,0.35,0.32,0.00,39.34,1.94,-1.00,-1.00,55.66,0.23,-0.03,0.13,16.34,0.63,-1.00,-1.00,0.00,0.00,-0.22,0.73,-0.27,-0.21,-7.87,-1.54,40.47,1.00,1.96,-1.00,-1.00,0.95,61.72,61.72,0.01,-23.15,1422,,,,,
5889,Commandobots,5.87,0.00,0.15,0.15,0.17,0.00,10.28,0.17,-1.00,-1.00,3.43,16.30,0.33,0.08,0.03,0.33,0.31,0.32,0.00,31.83,1.76,-1.00,-1.00,49.51,0.10,0.05,0.21,17.66,0.63,-1.00,-1.00,0.00,0.00,0.81,0.46,0.66,0.31,20.47,10.15,42.11,0.97,1.93,-1.00,-1.00,0.17,75.96,75.96,-0.06,-35.29,1401,,,,,
5984,Salina Robocats,1.99,0.00,0.01,0.01,0.26,0.00,15.45,0.26,-1.00,-1.00,5.15,17.46,0.57,-0.21,0.08,0.33,0.32,-0.25,0.00,5.70,-0.61,-1.00,-1.00,0.86,-0.18,0.13,-0.05,-4.92,0.00,-1.00,-1.00,0.00,0.00,0.28,0.35,0.37,0.00,10.76,1.78,21.15,0.40,-0.35,-1.00,-1.00,0.09,20.10,20.10,-0.20,-63.07,1294,,,,,
6026,Tiger Strike,4.91,0.00,-0.07,-0.07,0.45,0.00,27.00,0.45,-1.00,-1.00,9.00,31.84,0.04,0.24,0.01,0.33,0.38,0.48,0.00,29.63,2.17,-1.00,-1.00,104.17,0.43,0.57,0.49,74.53,0.88,-1.00,-1.00,0.00,0.00,0.36,0.07,-0.04,0.05,0.77,1.51,56.63,1.19,2.62,-1.00,-1.00,-0.06,137.52,137.52,0.64,66.99,1531,,,,,
6462,techJOYnT,0.62,0.00,0.37,0.37,-0.05,0.00,-2.90,-0.05,-1.00,-1.00,-0.97,-1.91,-0.78,0.18,-0.07,0.33,0.32,-0.23,0.00,19.12,-0.19,-1.00,-1.00,10.67,-0.05,-0.06,-0.06,-8.38,0.13,-1.00,-1.00,0.00,0.00,0.31,-0.36,0.13,0.47,4.83,9.86,16.22,0.43,-0.24,-1.00,-1.00,0.30,18.62,18.62,-0.02,-48.63,1312,,,,,
6464,Danger Noodle Danger,5.03,0.00,0.13,0.13,-0.02,0.00,-1.03,-0.02,-1.00,-1.00,-0.34,4.14,-0.17,-0.00,-0.00,0.33,0.20,-0.11,0.00,17.50,-0.03,-1.00,-1.00,29.39,0.05,0.01,0.18,11.89,0.13,-1.00,-1.00,0.00,0.00,-0.26,-0.05,0.23,0.09,4.36,1.94,16.48,0.42,-0.04,-1.00,-1.00,0.13,35.46,35.46,0.15,-21.09,1349,,,,,
6730,CCS Nuclear Knights,3.99,0.00,-0.28,-0.28,0.09,0.00,5.69,0.09,-1.00,-1.00,1.90,9.39,-0.39,0.16,-0.05,0.33,0.24,0.16,0.00,25.56,1.02,-1.00,-1.00,35.13,0.07,-0.09,0.21,9.63,0.33,-1.00,-1.00,0.00,0.00,0.20,-0.16,0.03,-0.24,1.82,-6.75,31.24,0.73,1.11,-1.00,-1.00,-0.34,37.77,37.77,-0.08,-22.77,1367,,,,,
,,,,,,,,,,,,,,,,,,,,,,,,,,,,,,,,,,,,,,,,,,,,,,,,,,,,,,,,
,,,,,,,,,,,,,,,,,,,,,,,,,,,,,,,,,,,,,,,,,,,,,,,,,,,,,,,,
,,,,,,,,,,,,,,,,,,,,,,,,,,,,,,,,,,,,,,,,,,,,,,,,,,,,,,,,
,,,,,,,,,,,,,,,,,,,,,,,,,,,,,,,,,,,,,,,,,,,,,,,,,,,,,,,,
,,,,,,,,,,,,,,,,,,,,,,,,,,,,,,,,,,,,,,,,,,,,,,,,,,,,,,,,
,,,,,,,,,,,,,,,,,,,,,,,,,,,,,,,,,,,,,,,,,,,,,,,,,,,,,,,,
,,,,,,,,,,,,,,,,,,,,,,,,,,,,,,,,,,,,,,,,,,,,,,,,,,,,,,,,
,,,,,,,,,,,,,,,,,,,,,,,,,,,,,,,,,,,,,,,,,,,,,,,,,,,,,,,,
,,,,,,,,,,,,,,,,,,,,,,,,,,,,,,,,,,,,,,,,,,,,,,,,,,,,,,,,
,,,,,,,,,,,,,,,,,,,,,,,,,,,,,,,,,,,,,,,,,,,,,,,,,,,,,,,,